
# --- !Ups

insert into person (id, name, email, dob) values (0,'name0','fake@email.com', '1984-01-24');
insert into person (id, name, email, dob) values (1,'name1','fake@email.com', '1984-01-24');
insert into person (id, name, email, dob) values (2,'name2','fake@email.com', '1984-01-24');
insert into person (id, name, email, dob) values (3,'name3','fake@email.com', '1984-01-24');
insert into person (id, name, email, dob) values (4,'name4','fake@email.com', '1984-01-24');
insert into person (id, name, email, dob) values (5,'name5','fake@email.com', '1984-01-24');
insert into person (id, name, email, dob) values (6,'name6','fake@email.com', '1984-01-24');
insert into person (id, name, email, dob) values (7,'name7','fake@email.com', '1984-01-24');
insert into person (id, name, email, dob) values (8,'name8','fake@email.com', '1984-01-24');
insert into person (id, name, email, dob) values (9,'name9','fake@email.com', '1984-01-24');
insert into person (id, name, email, dob) values (10,'name10','fake@email.com', '1984-01-24');
insert into person (id, name, email, dob) values (11,'name11','fake@email.com', '1984-01-24');
insert into person (id, name, email, dob) values (12,'name12','fake@email.com', '1984-01-24');
insert into person (id, name, email, dob) values (13,'name13','fake@email.com', '1984-01-24');
insert into person (id, name, email, dob) values (14,'name14','fake@email.com', '1984-01-24');
insert into person (id, name, email, dob) values (15,'name15','fake@email.com', '1984-01-24');
insert into person (id, name, email, dob) values (16,'name16','fake@email.com', '1984-01-24');
insert into person (id, name, email, dob) values (17,'name17','fake@email.com', '1984-01-24');
insert into person (id, name, email, dob) values (18,'name18','fake@email.com', '1984-01-24');
insert into person (id, name, email, dob) values (19,'name19','fake@email.com', '1984-01-24');
insert into person (id, name, email, dob) values (20,'name20','fake@email.com', '1984-01-24');
insert into person (id, name, email, dob) values (21,'name21','fake@email.com', '1984-01-24');
insert into person (id, name, email, dob) values (22,'name22','fake@email.com', '1984-01-24');
insert into person (id, name, email, dob) values (23,'name23','fake@email.com', '1984-01-24');
insert into person (id, name, email, dob) values (24,'name24','fake@email.com', '1984-01-24');
insert into person (id, name, email, dob) values (25,'name25','fake@email.com', '1984-01-24');
insert into person (id, name, email, dob) values (26,'name26','fake@email.com', '1984-01-24');
insert into person (id, name, email, dob) values (27,'name27','fake@email.com', '1984-01-24');
insert into person (id, name, email, dob) values (28,'name28','fake@email.com', '1984-01-24');
insert into person (id, name, email, dob) values (29,'name29','fake@email.com', '1984-01-24');
insert into person (id, name, email, dob) values (30,'name30','fake@email.com', '1984-01-24');
insert into person (id, name, email, dob) values (31,'name31','fake@email.com', '1984-01-24');
insert into person (id, name, email, dob) values (32,'name32','fake@email.com', '1984-01-24');
insert into person (id, name, email, dob) values (33,'name33','fake@email.com', '1984-01-24');
insert into person (id, name, email, dob) values (34,'name34','fake@email.com', '1984-01-24');
insert into person (id, name, email, dob) values (35,'name35','fake@email.com', '1984-01-24');
insert into person (id, name, email, dob) values (36,'name36','fake@email.com', '1984-01-24');
insert into person (id, name, email, dob) values (37,'name37','fake@email.com', '1984-01-24');
insert into person (id, name, email, dob) values (38,'name38','fake@email.com', '1984-01-24');
insert into person (id, name, email, dob) values (39,'name39','fake@email.com', '1984-01-24');
insert into person (id, name, email, dob) values (40,'name40','fake@email.com', '1984-01-24');
insert into person (id, name, email, dob) values (41,'name41','fake@email.com', '1984-01-24');
insert into person (id, name, email, dob) values (42,'name42','fake@email.com', '1984-01-24');
insert into person (id, name, email, dob) values (43,'name43','fake@email.com', '1984-01-24');
insert into person (id, name, email, dob) values (44,'name44','fake@email.com', '1984-01-24');
insert into person (id, name, email, dob) values (45,'name45','fake@email.com', '1984-01-24');
insert into person (id, name, email, dob) values (46,'name46','fake@email.com', '1984-01-24');
insert into person (id, name, email, dob) values (47,'name47','fake@email.com', '1984-01-24');
insert into person (id, name, email, dob) values (48,'name48','fake@email.com', '1984-01-24');
insert into person (id, name, email, dob) values (49,'name49','fake@email.com', '1984-01-24');
insert into person (id, name, email, dob) values (50,'name50','fake@email.com', '1984-01-24');


insert into client (id, emp_id, organization, person_id) values (0,'1230','LM',0);
insert into client (id, emp_id, organization, person_id) values (1,'1231','LM',1);
insert into client (id, emp_id, organization, person_id) values (2,'1232','LM',2);
insert into client (id, emp_id, organization, person_id) values (3,'1233','LM',3);
insert into client (id, emp_id, organization, person_id) values (4,'1234','LM',4);
insert into client (id, emp_id, organization, person_id) values (5,'1235','LM',5);
insert into client (id, emp_id, organization, person_id) values (6,'1236','LM',6);
insert into client (id, emp_id, organization, person_id) values (7,'1237','LM',7);
insert into client (id, emp_id, organization, person_id) values (8,'1238','LM',8);
insert into client (id, emp_id, organization, person_id) values (9,'1239','LM',9);
insert into client (id, emp_id, organization, person_id) values (10,'12310','LM',10);
insert into client (id, emp_id, organization, person_id) values (11,'12311','LM',11);
insert into client (id, emp_id, organization, person_id) values (12,'12312','LM',12);
insert into client (id, emp_id, organization, person_id) values (13,'12313','LM',13);
insert into client (id, emp_id, organization, person_id) values (14,'12314','LM',14);
insert into client (id, emp_id, organization, person_id) values (15,'12315','LM',15);
insert into client (id, emp_id, organization, person_id) values (16,'12316','LM',16);
insert into client (id, emp_id, organization, person_id) values (17,'12317','LM',17);
insert into client (id, emp_id, organization, person_id) values (18,'12318','LM',18);
insert into client (id, emp_id, organization, person_id) values (19,'12319','LM',19);
insert into client (id, emp_id, organization, person_id) values (20,'12320','LM',20);
insert into client (id, emp_id, organization, person_id) values (21,'12321','LM',21);
insert into client (id, emp_id, organization, person_id) values (22,'12322','LM',22);
insert into client (id, emp_id, organization, person_id) values (23,'12323','LM',23);
insert into client (id, emp_id, organization, person_id) values (24,'12324','LM',24);
insert into client (id, emp_id, organization, person_id) values (25,'12325','LM',25);
insert into client (id, emp_id, organization, person_id) values (26,'12326','LM',26);
insert into client (id, emp_id, organization, person_id) values (27,'12327','LM',27);
insert into client (id, emp_id, organization, person_id) values (28,'12328','LM',28);
insert into client (id, emp_id, organization, person_id) values (29,'12329','LM',29);
insert into client (id, emp_id, organization, person_id) values (30,'12330','LM',30);
insert into client (id, emp_id, organization, person_id) values (31,'12331','LM',31);
insert into client (id, emp_id, organization, person_id) values (32,'12332','LM',32);
insert into client (id, emp_id, organization, person_id) values (33,'12333','LM',33);
insert into client (id, emp_id, organization, person_id) values (34,'12334','LM',34);
insert into client (id, emp_id, organization, person_id) values (35,'12335','LM',35);
insert into client (id, emp_id, organization, person_id) values (36,'12336','LM',36);
insert into client (id, emp_id, organization, person_id) values (37,'12337','LM',37);
insert into client (id, emp_id, organization, person_id) values (38,'12338','LM',38);
insert into client (id, emp_id, organization, person_id) values (39,'12339','LM',39);
insert into client (id, emp_id, organization, person_id) values (40,'12340','LM',40);
insert into client (id, emp_id, organization, person_id) values (41,'12341','LM',41);
insert into client (id, emp_id, organization, person_id) values (42,'12342','LM',42);
insert into client (id, emp_id, organization, person_id) values (43,'12343','LM',43);
insert into client (id, emp_id, organization, person_id) values (44,'12344','LM',44);
insert into client (id, emp_id, organization, person_id) values (45,'12345','LM',45);
insert into client (id, emp_id, organization, person_id) values (46,'12346','LM',46);
insert into client (id, emp_id, organization, person_id) values (47,'12347','LM',47);
insert into client (id, emp_id, organization, person_id) values (48,'12348','LM',48);
insert into client (id, emp_id, organization, person_id) values (49,'12349','LM',49);
insert into client (id, emp_id, organization, person_id) values (50,'12350','LM',50);

insert into employee (id, role, person_id) values (0,'Admin',0);
insert into employee (id, role, person_id) values (1,'Admin',1);
insert into employee (id, role, person_id) values (2,'Admin',2);
insert into employee (id, role, person_id) values (3,'Admin',3);
insert into employee (id, role, person_id) values (4,'Admin',4);
insert into employee (id, role, person_id) values (5,'Admin',5);
insert into employee (id, role, person_id) values (6,'Admin',6);
insert into employee (id, role, person_id) values (7,'Admin',7);
insert into employee (id, role, person_id) values (8,'Admin',8);
insert into employee (id, role, person_id) values (9,'Admin',9);
insert into employee (id, role, person_id) values (10,'Admin',10);
insert into employee (id, role, person_id) values (11,'Admin',11);
insert into employee (id, role, person_id) values (12,'Admin',12);
insert into employee (id, role, person_id) values (13,'Admin',13);
insert into employee (id, role, person_id) values (14,'Admin',14);
insert into employee (id, role, person_id) values (15,'Admin',15);
insert into employee (id, role, person_id) values (16,'Admin',16);
insert into employee (id, role, person_id) values (17,'Admin',17);
insert into employee (id, role, person_id) values (18,'Admin',18);
insert into employee (id, role, person_id) values (19,'Admin',19);
insert into employee (id, role, person_id) values (20,'Admin',20);
insert into employee (id, role, person_id) values (21,'Admin',21);
insert into employee (id, role, person_id) values (22,'Admin',22);
insert into employee (id, role, person_id) values (23,'Admin',23);
insert into employee (id, role, person_id) values (24,'Admin',24);
insert into employee (id, role, person_id) values (25,'Admin',25);
insert into employee (id, role, person_id) values (26,'Admin',26);
insert into employee (id, role, person_id) values (27,'Admin',27);
insert into employee (id, role, person_id) values (28,'Admin',28);
insert into employee (id, role, person_id) values (29,'Admin',29);
insert into employee (id, role, person_id) values (30,'Admin',30);
insert into employee (id, role, person_id) values (31,'Admin',31);
insert into employee (id, role, person_id) values (32,'Admin',32);
insert into employee (id, role, person_id) values (33,'Admin',33);
insert into employee (id, role, person_id) values (34,'Admin',34);
insert into employee (id, role, person_id) values (35,'Admin',35);
insert into employee (id, role, person_id) values (36,'Admin',36);
insert into employee (id, role, person_id) values (37,'Admin',37);
insert into employee (id, role, person_id) values (38,'Admin',38);
insert into employee (id, role, person_id) values (39,'Admin',39);
insert into employee (id, role, person_id) values (40,'Admin',40);
insert into employee (id, role, person_id) values (41,'Admin',41);
insert into employee (id, role, person_id) values (42,'Admin',42);
insert into employee (id, role, person_id) values (43,'Admin',43);
insert into employee (id, role, person_id) values (44,'Admin',44);
insert into employee (id, role, person_id) values (45,'Admin',45);
insert into employee (id, role, person_id) values (46,'Admin',46);
insert into employee (id, role, person_id) values (47,'Admin',47);
insert into employee (id, role, person_id) values (48,'Admin',48);
insert into employee (id, role, person_id) values (49,'Admin',49);
insert into employee (id, role, person_id) values (50,'Admin',50);


insert into activity (id, name, description, employee_id) values (0,'Name0','This is a class on apples.',0);
insert into activity (id, name, description, employee_id) values (1,'Name1','This is a class on apples.',1);
insert into activity (id, name, description, employee_id) values (2,'Name2','This is a class on apples.',2);
insert into activity (id, name, description, employee_id) values (3,'Name3','This is a class on apples.',3);
insert into activity (id, name, description, employee_id) values (4,'Name4','This is a class on apples.',4);
insert into activity (id, name, description, employee_id) values (5,'Name5','This is a class on apples.',5);
insert into activity (id, name, description, employee_id) values (6,'Name6','This is a class on apples.',6);
insert into activity (id, name, description, employee_id) values (7,'Name7','This is a class on apples.',7);
insert into activity (id, name, description, employee_id) values (8,'Name8','This is a class on apples.',8);
insert into activity (id, name, description, employee_id) values (9,'Name9','This is a class on apples.',9);
insert into activity (id, name, description, employee_id) values (10,'Name10','This is a class on apples.',10);
insert into activity (id, name, description, employee_id) values (11,'Name11','This is a class on apples.',11);
insert into activity (id, name, description, employee_id) values (12,'Name12','This is a class on apples.',12);
insert into activity (id, name, description, employee_id) values (13,'Name13','This is a class on apples.',13);
insert into activity (id, name, description, employee_id) values (14,'Name14','This is a class on apples.',14);
insert into activity (id, name, description, employee_id) values (15,'Name15','This is a class on apples.',15);
insert into activity (id, name, description, employee_id) values (16,'Name16','This is a class on apples.',16);
insert into activity (id, name, description, employee_id) values (17,'Name17','This is a class on apples.',17);
insert into activity (id, name, description, employee_id) values (18,'Name18','This is a class on apples.',18);
insert into activity (id, name, description, employee_id) values (19,'Name19','This is a class on apples.',19);
insert into activity (id, name, description, employee_id) values (20,'Name20','This is a class on apples.',20);
insert into activity (id, name, description, employee_id) values (21,'Name21','This is a class on apples.',21);
insert into activity (id, name, description, employee_id) values (22,'Name22','This is a class on apples.',22);
insert into activity (id, name, description, employee_id) values (23,'Name23','This is a class on apples.',23);
insert into activity (id, name, description, employee_id) values (24,'Name24','This is a class on apples.',24);
insert into activity (id, name, description, employee_id) values (25,'Name25','This is a class on apples.',25);
insert into activity (id, name, description, employee_id) values (26,'Name26','This is a class on apples.',26);
insert into activity (id, name, description, employee_id) values (27,'Name27','This is a class on apples.',27);
insert into activity (id, name, description, employee_id) values (28,'Name28','This is a class on apples.',28);
insert into activity (id, name, description, employee_id) values (29,'Name29','This is a class on apples.',29);
insert into activity (id, name, description, employee_id) values (30,'Name30','This is a class on apples.',30);
insert into activity (id, name, description, employee_id) values (31,'Name31','This is a class on apples.',31);
insert into activity (id, name, description, employee_id) values (32,'Name32','This is a class on apples.',32);
insert into activity (id, name, description, employee_id) values (33,'Name33','This is a class on apples.',33);
insert into activity (id, name, description, employee_id) values (34,'Name34','This is a class on apples.',34);
insert into activity (id, name, description, employee_id) values (35,'Name35','This is a class on apples.',35);
insert into activity (id, name, description, employee_id) values (36,'Name36','This is a class on apples.',36);
insert into activity (id, name, description, employee_id) values (37,'Name37','This is a class on apples.',37);
insert into activity (id, name, description, employee_id) values (38,'Name38','This is a class on apples.',38);
insert into activity (id, name, description, employee_id) values (39,'Name39','This is a class on apples.',39);
insert into activity (id, name, description, employee_id) values (40,'Name40','This is a class on apples.',40);
insert into activity (id, name, description, employee_id) values (41,'Name41','This is a class on apples.',41);
insert into activity (id, name, description, employee_id) values (42,'Name42','This is a class on apples.',42);
insert into activity (id, name, description, employee_id) values (43,'Name43','This is a class on apples.',43);
insert into activity (id, name, description, employee_id) values (44,'Name44','This is a class on apples.',44);
insert into activity (id, name, description, employee_id) values (45,'Name45','This is a class on apples.',45);
insert into activity (id, name, description, employee_id) values (46,'Name46','This is a class on apples.',46);
insert into activity (id, name, description, employee_id) values (47,'Name47','This is a class on apples.',47);
insert into activity (id, name, description, employee_id) values (48,'Name48','This is a class on apples.',48);
insert into activity (id, name, description, employee_id) values (49,'Name49','This is a class on apples.',49);
insert into activity (id, name, description, employee_id) values (50,'Name50','This is a class on apples.',50);


# --- !Downs

delete from person;

delete from client;

delete from employee;

delete from activity;